,symboling,normalized-losses,make,num-of-doors,body-style,drive-wheels,engine-location,wheel-base,length,width,height,curb-weight,engine-type,num-of-cylinders,engine-size,fuel-system,bore,stroke,compression-ratio,horsepower,peak-rpm,city-mpg,highway-mpg,price,city-L/100km,highway-L/100km,price_binned,diesel,gas,std,turbo
0,3,0.29842931937172773,alfa-romero,two,convertible,rwd,front,0.05830903790087462,0.4134328358208958,0.32478632478632447,0.08333333333333333,0.41117145073700545,dohc,four,0.26037735849056604,mpfi,0.6642857142857145,0.2904761904761906,0.125,0.29439252336448596,0.3469387755102041,21,27,13495,0.48148148148148145,0.42105263157894735,Low,0,1,1,0
1,3,0.29842931937172773,alfa-romero,two,convertible,rwd,front,0.05830903790087462,0.4134328358208958,0.32478632478632447,0.08333333333333333,0.41117145073700545,dohc,four,0.26037735849056604,mpfi,0.6642857142857145,0.2904761904761906,0.125,0.29439252336448596,0.3469387755102041,21,27,16500,0.48148148148148145,0.42105263157894735,Low,0,1,1,0
2,1,0.29842931937172773,alfa-romero,two,hatchback,rwd,front,0.2303206997084549,0.4492537313432835,0.4444444444444446,0.38333333333333347,0.5178432893716058,ohcv,six,0.3433962264150943,mpfi,0.10000000000000009,0.6666666666666669,0.125,0.4953271028037383,0.3469387755102041,19,26,16500,0.5701754385964912,0.45344129554655865,Low,0,1,1,0
3,2,0.518324607329843,audi,four,sedan,fwd,front,0.38483965014577254,0.5298507462686567,0.5042735042735046,0.5416666666666666,0.32932505818463925,ohc,four,0.1811320754716981,mpfi,0.46428571428571425,0.6333333333333333,0.1875,0.2523364485981308,0.5510204081632653,24,30,13950,0.3761574074074074,0.33684210526315783,Low,0,1,1,0
4,2,0.518324607329843,audi,four,sedan,4wd,front,0.3731778425655979,0.5298507462686567,0.521367521367522,0.5416666666666666,0.5182311869666408,ohc,five,0.2830188679245283,mpfi,0.46428571428571425,0.6333333333333333,0.0625,0.3130841121495327,0.5510204081632653,18,22,17450,0.6219135802469136,0.6124401913875598,Low,0,1,1,0
5,2,0.29842931937172773,audi,two,sedan,fwd,front,0.38483965014577254,0.5402985074626868,0.5128205128205127,0.44166666666666704,0.39526764934057407,ohc,five,0.2830188679245283,mpfi,0.46428571428571425,0.6333333333333333,0.09375,0.2897196261682243,0.5510204081632653,19,25,15250,0.5701754385964912,0.4884210526315789,Low,0,1,1,0
6,1,0.4869109947643979,audi,four,sedan,fwd,front,0.5597667638483964,0.7701492537313432,0.9487179487179492,0.6583333333333338,0.525989138867339,ohc,five,0.2830188679245283,mpfi,0.46428571428571425,0.6333333333333333,0.09375,0.2897196261682243,0.5510204081632653,19,25,17710,0.5701754385964912,0.4884210526315789,Low,0,1,1,0
7,1,0.29842931937172773,audi,four,wagon,fwd,front,0.5597667638483964,0.7701492537313432,0.9487179487179492,0.6583333333333338,0.5686578743211792,ohc,five,0.2830188679245283,mpfi,0.46428571428571425,0.6333333333333333,0.09375,0.2897196261682243,0.5510204081632653,19,25,18920,0.5701754385964912,0.4884210526315789,Medium,0,1,1,0
8,1,0.4869109947643979,audi,four,sedan,fwd,front,0.5597667638483964,0.7701492537313432,0.9487179487179492,0.6750000000000002,0.6198603568657874,ohc,five,0.2641509433962264,mpfi,0.4214285714285714,0.6333333333333333,0.08125000000000004,0.42990654205607476,0.5510204081632653,17,20,23875,0.6797385620915033,0.7157894736842104,Medium,0,1,0,1
9,2,0.6649214659685864,bmw,two,sedan,rwd,front,0.42565597667638494,0.5328358208955226,0.3846153846153845,0.5416666666666666,0.3518231186966641,ohc,four,0.17735849056603772,mpfi,0.6857142857142857,0.3476190476190476,0.11250000000000004,0.24766355140186916,0.673469387755102,23,29,16430,0.4082125603864734,0.3629764065335753,Low,0,1,1,0
10,0,0.6649214659685864,bmw,four,sedan,rwd,front,0.42565597667638494,0.5328358208955226,0.3846153846153845,0.5416666666666666,0.3518231186966641,ohc,four,0.17735849056603772,mpfi,0.6857142857142857,0.3476190476190476,0.11250000000000004,0.24766355140186916,0.673469387755102,23,29,16925,0.4082125603864734,0.3629764065335753,Low,0,1,1,0
11,0,0.643979057591623,bmw,two,sedan,rwd,front,0.42565597667638494,0.5328358208955226,0.3846153846153845,0.5416666666666666,0.474010861132661,ohc,six,0.3886792452830189,mpfi,0.55,0.5333333333333333,0.125,0.3411214953271028,0.04081632653061224,21,28,20970,0.48148148148148145,0.3909774436090225,Medium,0,1,1,0
12,0,0.643979057591623,bmw,four,sedan,rwd,front,0.42565597667638494,0.5328358208955226,0.3846153846153845,0.5416666666666666,0.49534522885958104,ohc,six,0.3886792452830189,mpfi,0.55,0.5333333333333333,0.125,0.3411214953271028,0.04081632653061224,21,28,21105,0.48148148148148145,0.3909774436090225,Medium,0,1,1,0
13,1,0.29842931937172773,bmw,four,sedan,rwd,front,0.49271137026239065,0.7149253731343285,0.5641025641025647,0.6583333333333338,0.6078355314197051,ohc,six,0.3886792452830189,mpfi,0.55,0.5333333333333333,0.125,0.3411214953271028,0.04081632653061224,20,25,24565,0.5236111111111111,0.4884210526315789,Medium,0,1,1,0
14,0,0.29842931937172773,bmw,four,sedan,rwd,front,0.49271137026239065,0.7149253731343285,0.5641025641025647,0.6583333333333338,0.6757176105508146,ohc,six,0.5584905660377358,mpfi,0.7714285714285716,0.6285714285714287,0.0625,0.6261682242990654,0.5102040816326531,16,22,30760,0.7447916666666666,0.6124401913875598,Medium,0,1,1,0
15,0,0.29842931937172773,bmw,two,sedan,rwd,front,0.49271137026239065,0.7865671641791048,0.6495726495726502,0.49166666666666714,0.7339022498060512,ohc,six,0.5584905660377358,mpfi,0.7714285714285716,0.6285714285714287,0.0625,0.6261682242990654,0.5102040816326531,16,22,41315,0.7447916666666666,0.6124401913875598,High,0,1,1,0
16,0,0.29842931937172773,bmw,four,sedan,rwd,front,0.6822157434402332,0.8343283582089553,0.9059829059829065,0.7083333333333334,0.7823894491854151,ohc,six,0.5584905660377358,mpfi,0.7714285714285716,0.6285714285714287,0.0625,0.6261682242990654,0.5102040816326531,15,20,36880,0.8185185185185185,0.7157894736842104,High,0,1,1,0
17,2,0.2931937172774869,chevrolet,two,hatchback,fwd,front,0.052478134110787486,0.0,0.0,0.45000000000000046,0.0,l,three,0.0,2bbl,0.2642857142857144,0.45714285714285713,0.15625,0.0,0.3877551020408163,47,53,5151,0.015366430260047265,0.007944389275074425,Low,0,1,1,0
18,1,0.17277486910994763,chevrolet,two,hatchback,fwd,front,0.2303206997084549,0.22089552238805987,0.2820512820512823,0.35000000000000026,0.14972847168347556,ohc,four,0.10943396226415095,2bbl,0.34999999999999987,0.49523809523809526,0.16249999999999998,0.102803738317757,0.5102040816326531,38,43,6295,0.10453216374269005,0.10771113831089348,Low,0,1,1,0
19,0,0.08376963350785341,chevrolet,four,sedan,fwd,front,0.2303206997084549,0.26417910447761217,0.2820512820512823,0.35000000000000026,0.16330488750969743,ohc,four,0.10943396226415095,2bbl,0.34999999999999987,0.49523809523809526,0.16249999999999998,0.102803738317757,0.5102040816326531,38,43,6575,0.10453216374269005,0.10771113831089348,Low,0,1,1,0
20,1,0.2774869109947644,dodge,two,hatchback,fwd,front,0.20699708454810514,0.24179104477611965,0.2991452991452991,0.25,0.15050426687354537,ohc,four,0.10943396226415095,2bbl,0.3071428571428573,0.5523809523809524,0.150625,0.09345794392523364,0.5510204081632653,37,41,5572,0.11711711711711714,0.13350449293966618,Low,0,1,1,0
21,1,0.2774869109947644,dodge,two,hatchback,fwd,front,0.20699708454810514,0.24179104477611965,0.2991452991452991,0.25,0.15050426687354537,ohc,four,0.10943396226415095,2bbl,0.3071428571428573,0.5523809523809524,0.15000000000000002,0.09345794392523364,0.5510204081632653,31,38,6377,0.20967741935483872,0.17728531855955673,Low,0,1,1,0
22,1,0.2774869109947644,dodge,two,hatchback,fwd,front,0.20699708454810514,0.24179104477611965,0.2991452991452991,0.25,0.2482544608223429,ohc,four,0.13962264150943396,mpfi,0.34999999999999987,0.6285714285714287,0.03749999999999998,0.2523364485981308,0.5510204081632653,24,30,7957,0.3761574074074074,0.33684210526315783,Low,0,1,0,1
23,1,0.43455497382198954,dodge,four,hatchback,fwd,front,0.20699708454810514,0.24179104477611965,0.2991452991452991,0.2333333333333337,0.18580294802172226,ohc,four,0.10943396226415095,2bbl,0.3071428571428573,0.5523809523809524,0.15000000000000002,0.09345794392523364,0.5510204081632653,31,38,6229,0.20967741935483872,0.17728531855955673,Low,0,1,1,0
24,1,0.43455497382198954,dodge,four,sedan,fwd,front,0.20699708454810514,0.24179104477611965,0.2991452991452991,0.2333333333333337,0.1943366951124903,ohc,four,0.10943396226415095,2bbl,0.3071428571428573,0.5523809523809524,0.15000000000000002,0.09345794392523364,0.5510204081632653,31,38,6692,0.20967741935483872,0.17728531855955673,Low,0,1,1,0
25,1,0.43455497382198954,dodge,four,sedan,fwd,front,0.20699708454810514,0.24179104477611965,0.2991452991452991,0.2333333333333337,0.1943366951124903,ohc,four,0.10943396226415095,2bbl,0.3071428571428573,0.5523809523809524,0.15000000000000002,0.09345794392523364,0.5510204081632653,31,38,7609,0.20967741935483872,0.17728531855955673,Low,0,1,1,0
26,1,0.43455497382198954,dodge,four,sedan,fwd,front,0.20699708454810514,0.24179104477611965,0.2991452991452991,0.2333333333333337,0.2726920093095423,ohc,four,0.13962264150943396,mpfi,0.34999999999999987,0.6285714285714287,0.03749999999999998,0.2523364485981308,0.5510204081632653,24,30,8558,0.3761574074074074,0.33684210526315783,Low,0,1,0,1
27,-1,0.2356020942408377,dodge,four,wagon,fwd,front,0.48688046647230315,0.5,0.3675213675213672,1.0,0.4061287820015516,ohc,four,0.23018867924528302,2bbl,0.5714285714285713,0.6619047619047619,0.09375,0.18691588785046728,0.3469387755102041,24,30,8921,0.3761574074074074,0.33684210526315783,Low,0,1,1,0
28,3,0.418848167539267,dodge,two,hatchback,fwd,front,0.2711370262390673,0.4791044776119402,0.5128205128205127,0.20000000000000048,0.5131885182311869,ohc,four,0.3584905660377358,mfi,0.7571428571428572,0.8714285714285714,0.0,0.4532710280373832,0.3469387755102041,19,24,12964,0.5701754385964912,0.5263157894736841,Low,0,1,0,1
29,2,0.3769633507853403,honda,two,hatchback,fwd,front,0.0,0.05223880597014925,0.30769230769230776,0.25,0.08727695888285493,ohc,four,0.1169811320754717,1bbl,0.2642857142857144,0.6380952380952382,0.16249999999999998,0.04672897196261682,0.2653061224489796,49,54,6479,0.0,0.0,Low,0,1,1,0
30,2,0.3769633507853403,honda,two,hatchback,fwd,front,0.0,0.05223880597014925,0.30769230769230776,0.25,0.12839410395655548,ohc,four,0.1169811320754717,1bbl,0.2642857142857144,0.6380952380952382,0.13749999999999996,0.1308411214953271,0.7551020408163265,31,38,6855,0.20967741935483872,0.17728531855955673,Low,0,1,1,0
31,1,0.18848167539267016,honda,two,hatchback,fwd,front,0.20699708454810514,0.13283582089552248,0.3162393162393164,0.40000000000000036,0.13537626066718386,ohc,four,0.06792452830188679,1bbl,0.2642857142857144,0.47619047619047616,0.19374999999999998,0.056074766355140186,0.5510204081632653,38,42,5399,0.10453216374269005,0.12030075187969919,Low,0,1,1,0
32,1,0.18848167539267016,honda,two,hatchback,fwd,front,0.20699708454810514,0.13283582089552248,0.3162393162393164,0.40000000000000036,0.17532971295577968,ohc,four,0.1169811320754717,1bbl,0.2642857142857144,0.6380952380952382,0.13749999999999996,0.1308411214953271,0.7551020408163265,30,34,6529,0.2287037037037037,0.2476780185758514,Low,0,1,1,0
33,1,0.18848167539267016,honda,two,hatchback,fwd,front,0.20699708454810514,0.13283582089552248,0.3162393162393164,0.40000000000000036,0.18153607447633824,ohc,four,0.1169811320754717,1bbl,0.2642857142857144,0.6380952380952382,0.13749999999999996,0.1308411214953271,0.7551020408163265,30,34,7129,0.2287037037037037,0.2476780185758514,Low,0,1,1,0
34,0,0.2356020942408377,honda,four,sedan,fwd,front,0.28862973760932953,0.33283582089552255,0.3162393162393164,0.5583333333333336,0.20248254460822343,ohc,four,0.1169811320754717,1bbl,0.2642857142857144,0.6380952380952382,0.13749999999999996,0.1308411214953271,0.7551020408163265,30,34,7295,0.2287037037037037,0.2476780185758514,Low,0,1,1,0
35,0,0.06806282722513089,honda,four,wagon,fwd,front,0.28862973760932953,0.23880597014925373,0.30769230769230776,0.875,0.20791311093871218,ohc,four,0.1169811320754717,1bbl,0.27142857142857135,0.6380952380952382,0.13749999999999996,0.1308411214953271,0.7551020408163265,30,34,7295,0.2287037037037037,0.2476780185758514,Low,0,1,1,0
36,0,0.21465968586387435,honda,two,hatchback,fwd,front,0.28862973760932953,0.39402985074626873,0.4188034188034192,0.4583333333333333,0.29014740108611325,ohc,four,0.18490566037735848,1bbl,0.43571428571428567,0.7190476190476192,0.125,0.17757009345794392,0.673469387755102,27,33,7895,0.29423868312757206,0.26794258373205737,Low,0,1,1,0
37,0,0.21465968586387435,honda,two,hatchback,fwd,front,0.28862973760932953,0.39402985074626873,0.4188034188034192,0.4583333333333333,0.31070597362296354,ohc,four,0.18490566037735848,1bbl,0.43571428571428567,0.7190476190476192,0.125,0.17757009345794392,0.673469387755102,27,33,9095,0.29423868312757206,0.26794258373205737,Low,0,1,1,0
38,0,0.10471204188481675,honda,four,sedan,fwd,front,0.28862973760932953,0.5119402985074628,0.4188034188034192,0.5250000000000004,0.3165244375484872,ohc,four,0.18490566037735848,1bbl,0.43571428571428567,0.7190476190476192,0.125,0.17757009345794392,0.673469387755102,27,33,8845,0.29423868312757206,0.26794258373205737,Low,0,1,1,0
39,0,0.10471204188481675,honda,four,sedan,fwd,front,0.28862973760932953,0.5119402985074628,0.18803418803418823,0.5250000000000004,0.34290147401086113,ohc,four,0.18490566037735848,1bbl,0.43571428571428567,0.7190476190476192,0.125,0.17757009345794392,0.673469387755102,27,33,10295,0.29423868312757206,0.26794258373205737,Low,0,1,1,0
40,0,0.10471204188481675,honda,four,sedan,fwd,front,0.28862973760932953,0.5119402985074628,0.4188034188034192,0.5250000000000004,0.37897595034910786,ohc,four,0.18490566037735848,mpfi,0.43571428571428567,0.7190476190476192,0.125,0.24766355140186916,0.673469387755102,24,28,12945,0.3761574074074074,0.3909774436090225,Low,0,1,1,0
41,1,0.2198952879581152,honda,two,sedan,fwd,front,0.28862973760932953,0.417910447761194,0.4871794871794873,0.2666666666666669,0.31225756400310317,ohc,four,0.18490566037735848,2bbl,0.43571428571428567,0.7190476190476192,0.13124999999999998,0.24299065420560748,0.5510204081632653,25,31,10345,0.3466666666666667,0.31239388794567063,Low,0,1,1,0
42,0,0.29842931937172773,isuzu,four,sedan,rwd,front,0.22448979591836735,0.4417910447761193,0.12820512820512817,0.47500000000000026,0.32932505818463925,ohc,four,0.18867924528301888,2bbl,0.55,0.5523809523809524,0.09375,0.14018691588785046,0.2653061224489796,24,29,6785,0.3761574074074074,0.3629764065335753,Low,0,1,1,0
43,2,0.29842931937172773,isuzu,two,hatchback,rwd,front,0.2740524781341109,0.4701492537313433,0.4188034188034192,0.3000000000000001,0.48332040341349886,ohc,four,0.2188679245283019,spfi,0.6357142857142859,0.5523809523809524,0.13749999999999996,0.19626168224299065,0.3469387755102041,24,29,11048,0.3761574074074074,0.3629764065335753,Low,0,1,1,0
44,0,0.418848167539267,jaguar,four,sedan,rwd,front,0.7696793002915451,0.8731343283582089,0.7948717948717945,0.4166666666666667,1.0,dohc,six,0.7433962264150943,mpfi,0.7785714285714285,1.0,0.06874999999999998,0.5981308411214953,0.24489795918367346,15,19,32250,0.8185185185185185,0.775623268698061,High,0,1,1,0
45,0,0.29842931937172773,jaguar,four,sedan,rwd,front,0.7696793002915451,0.8731343283582089,0.7948717948717945,0.4166666666666667,1.0,dohc,six,0.7433962264150943,mpfi,0.7785714285714285,1.0,0.06874999999999998,0.5981308411214953,0.24489795918367346,15,19,35550,0.8185185185185185,0.775623268698061,High,0,1,1,0
46,0,0.29842931937172773,jaguar,two,sedan,rwd,front,0.4489795918367347,0.7552238805970148,0.8803418803418799,0.0,0.9550038789759504,ohcv,twelve,1.0,mpfi,0.7142857142857143,0.3285714285714285,0.28125,1.0,0.3469387755102041,13,17,36000,1.0,0.9164086687306502,High,0,1,1,0
47,1,0.20418848167539266,mazda,two,hatchback,fwd,front,0.1895043731778425,0.26865671641791045,0.33333333333333376,0.5250000000000004,0.15593483320403415,ohc,four,0.11320754716981132,2bbl,0.34999999999999987,0.5142857142857143,0.125,0.09345794392523364,0.3469387755102041,30,31,5195,0.2287037037037037,0.31239388794567063,Low,0,1,1,0
48,1,0.20418848167539266,mazda,two,hatchback,fwd,front,0.1895043731778425,0.26865671641791045,0.33333333333333376,0.5250000000000004,0.15981380915438323,ohc,four,0.11320754716981132,2bbl,0.34999999999999987,0.5142857142857143,0.125,0.09345794392523364,0.3469387755102041,31,38,6095,0.20967741935483872,0.17728531855955673,Low,0,1,1,0
49,1,0.20418848167539266,mazda,two,hatchback,fwd,front,0.1895043731778425,0.26865671641791045,0.33333333333333376,0.5250000000000004,0.1617532971295578,ohc,four,0.11320754716981132,2bbl,0.34999999999999987,0.5142857142857143,0.125,0.09345794392523364,0.3469387755102041,31,38,6795,0.20967741935483872,0.17728531855955673,Low,0,1,1,0
50,1,0.2513089005235602,mazda,four,sedan,fwd,front,0.1895043731778425,0.38358208955223905,0.33333333333333376,0.5250000000000004,0.17726920093095422,ohc,four,0.11320754716981132,2bbl,0.34999999999999987,0.5142857142857143,0.125,0.09345794392523364,0.3469387755102041,31,38,6695,0.20967741935483872,0.17728531855955673,Low,0,1,1,0
51,1,0.2513089005235602,mazda,four,sedan,fwd,front,0.1895043731778425,0.38358208955223905,0.33333333333333376,0.5250000000000004,0.1792086889061288,ohc,four,0.11320754716981132,2bbl,0.3857142857142858,0.5142857142857143,0.125,0.09345794392523364,0.3469387755102041,31,38,7395,0.20967741935483872,0.17728531855955673,Low,0,1,1,0
52,3,0.44502617801047123,mazda,two,hatchback,rwd,front,0.2536443148688047,0.4164179104477613,0.4615384615384619,0.15000000000000036,0.3460046547711404,rotor,two,0.033962264150943396,4bbl,0.5647933284989125,0.5651921682378503,0.15000000000000002,0.24766355140186916,0.7551020408163265,17,23,10945,0.6797385620915033,0.5675057208237986,Low,0,1,1,0
53,3,0.44502617801047123,mazda,two,hatchback,rwd,front,0.2536443148688047,0.4164179104477613,0.4615384615384619,0.15000000000000036,0.3460046547711404,rotor,two,0.033962264150943396,4bbl,0.5647933284989125,0.5651921682378503,0.15000000000000002,0.24766355140186916,0.7551020408163265,17,23,11845,0.6797385620915033,0.5675057208237986,Low,0,1,1,0
54,3,0.44502617801047123,mazda,two,hatchback,rwd,front,0.2536443148688047,0.4164179104477613,0.4615384615384619,0.15000000000000036,0.34794414274631497,rotor,two,0.033962264150943396,4bbl,0.5647933284989125,0.5651921682378503,0.15000000000000002,0.24766355140186916,0.7551020408163265,17,23,13645,0.6797385620915033,0.5675057208237986,Low,0,1,1,0
55,3,0.44502617801047123,mazda,two,hatchback,rwd,front,0.2536443148688047,0.4164179104477613,0.4615384615384619,0.15000000000000036,0.39255236617532974,rotor,two,0.07169811320754717,mpfi,0.5647933284989125,0.5651921682378503,0.15000000000000002,0.40654205607476634,0.7551020408163265,16,23,15645,0.7447916666666666,0.5675057208237986,Low,0,1,1,0
56,1,0.33507853403141363,mazda,two,hatchback,fwd,front,0.35568513119533524,0.547761194029851,0.52991452991453,0.49166666666666714,0.34794414274631497,ohc,four,0.23018867924528302,2bbl,0.6071428571428572,0.6285714285714287,0.09999999999999998,0.16822429906542055,0.2653061224489796,26,32,8845,0.3194444444444444,0.28947368421052627,Low,0,1,1,0
57,0,0.2617801047120419,mazda,four,sedan,fwd,front,0.35568513119533524,0.547761194029851,0.52991452991453,0.6416666666666669,0.35764158262218776,ohc,four,0.23018867924528302,2bbl,0.6071428571428572,0.6285714285714287,0.09999999999999998,0.16822429906542055,0.2653061224489796,26,32,8495,0.3194444444444444,0.28947368421052627,Low,0,1,1,0
58,1,0.33507853403141363,mazda,two,hatchback,fwd,front,0.35568513119533524,0.547761194029851,0.52991452991453,0.49166666666666714,0.34794414274631497,ohc,four,0.23018867924528302,2bbl,0.6071428571428572,0.6285714285714287,0.09999999999999998,0.16822429906542055,0.2653061224489796,26,32,10595,0.3194444444444444,0.28947368421052627,Low,0,1,1,0
59,0,0.2617801047120419,mazda,four,sedan,fwd,front,0.35568513119533524,0.547761194029851,0.52991452991453,0.6416666666666669,0.35764158262218776,ohc,four,0.23018867924528302,2bbl,0.6071428571428572,0.6285714285714287,0.09999999999999998,0.16822429906542055,0.2653061224489796,26,32,10245,0.3194444444444444,0.28947368421052627,Low,0,1,1,0
60,0,0.29842931937172773,mazda,four,sedan,fwd,front,0.35568513119533524,0.547761194029851,0.52991452991453,0.6416666666666669,0.3704422032583398,ohc,four,0.23018867924528302,idi,0.6071428571428572,0.6285714285714287,0.98125,0.07476635514018691,0.20408163265306123,36,42,10795,0.1304012345679012,0.12030075187969919,Low,1,0,1,0
61,0,0.2617801047120419,mazda,four,hatchback,fwd,front,0.35568513119533524,0.547761194029851,0.52991452991453,0.6416666666666669,0.3634600465477114,ohc,four,0.23018867924528302,2bbl,0.6071428571428572,0.6285714285714287,0.09999999999999998,0.16822429906542055,0.2653061224489796,26,32,11245,0.3194444444444444,0.28947368421052627,Low,0,1,1,0
62,0,0.2774869109947644,mazda,four,sedan,rwd,front,0.533527696793003,0.5059701492537314,0.49572649572649535,0.5500000000000002,0.45849495733126455,ohc,four,0.2981132075471698,mpfi,0.8714285714285713,0.5190476190476192,0.0625,0.3364485981308411,0.3469387755102041,19,27,18280,0.5701754385964912,0.42105263157894735,Low,0,1,1,0
63,0,0.29842931937172773,mazda,four,sedan,rwd,front,0.533527696793003,0.5059701492537314,0.49572649572649535,0.5500000000000002,0.47013188518231186,ohc,four,0.27547169811320754,idi,0.6357142857142859,0.7476190476190477,0.9375,0.11214953271028037,0.02040816326530612,31,39,18344,0.20967741935483872,0.16194331983805663,Low,1,0,1,0
64,-1,0.14659685863874344,mercedes-benz,four,sedan,rwd,front,0.6822157434402332,0.7432835820895524,0.8547008547008544,0.7250000000000002,0.7862684251357641,ohc,five,0.46037735849056605,idi,0.7428571428571429,0.7476190476190477,0.90625,0.35046728971962615,0.08163265306122448,22,25,25552,0.4431818181818182,0.4884210526315789,Medium,1,0,0,1
65,-1,0.14659685863874344,mercedes-benz,four,wagon,rwd,front,0.6822157434402332,0.7432835820895524,0.8547008547008544,0.9083333333333338,0.8774243599689682,ohc,five,0.46037735849056605,idi,0.7428571428571429,0.7476190476190477,0.90625,0.35046728971962615,0.08163265306122448,22,25,28248,0.4431818181818182,0.4884210526315789,Medium,1,0,0,1
66,0,0.14659685863874344,mercedes-benz,two,hardtop,rwd,front,0.5860058309037901,0.6925373134328359,0.8547008547008544,0.5916666666666668,0.778510473235066,ohc,five,0.46037735849056605,idi,0.7428571428571429,0.7476190476190477,0.90625,0.35046728971962615,0.08163265306122448,22,25,28176,0.4431818181818182,0.4884210526315789,Medium,1,0,0,1
67,-1,0.14659685863874344,mercedes-benz,four,sedan,rwd,front,0.8454810495626819,0.917910447761194,0.9743589743589746,0.7083333333333334,0.8851823118696664,ohc,five,0.46037735849056605,idi,0.7428571428571429,0.7476190476190477,0.90625,0.35046728971962615,0.08163265306122448,22,25,31600,0.4431818181818182,0.4884210526315789,Medium,1,0,0,1
68,-1,0.29842931937172773,mercedes-benz,four,sedan,rwd,front,0.8454810495626819,0.917910447761194,0.9743589743589746,0.7250000000000002,0.873545384018619,ohcv,eight,0.6528301886792452,mpfi,0.6571428571428571,0.49047619047619057,0.08125000000000004,0.5,0.24489795918367346,16,18,34184,0.7447916666666666,0.8421052631578946,High,0,1,1,0
69,3,0.4031413612565445,mercedes-benz,two,convertible,rwd,front,0.2915451895043731,0.5850746268656719,0.8717948717948718,0.25,0.852211016291699,ohcv,eight,0.6528301886792452,mpfi,0.6571428571428571,0.49047619047619057,0.08125000000000004,0.5,0.24489795918367346,16,18,35056,0.7447916666666666,0.8421052631578946,High,0,1,1,0
70,0,0.29842931937172773,mercedes-benz,four,sedan,rwd,front,1.0,1.0,0.9743589743589746,0.7416666666666671,0.9356089992242048,ohcv,eight,0.9320754716981132,mpfi,0.8999999999999999,0.6095238095238096,0.0625,0.6355140186915887,0.14285714285714285,14,16,40960,0.9027777777777777,1.0,High,0,1,1,0
71,1,0.29842931937172773,mercedes-benz,two,hardtop,rwd,front,0.7405247813411078,0.8671641791044775,1.0,0.6333333333333334,0.8638479441427463,ohcv,eight,0.9169811320754717,mpfi,0.8999999999999999,0.6095238095238096,0.0625,0.6355140186915887,0.14285714285714285,14,16,45400,0.9027777777777777,1.0,High,0,1,1,0
72,1,0.29842931937172773,mercury,two,hatchback,rwd,front,0.4693877551020409,0.5567164179104479,0.6581196581196582,0.5833333333333334,0.5515903801396431,ohc,four,0.2981132075471698,mpfi,0.8857142857142856,0.5000000000000001,0.0625,0.5934579439252337,0.3469387755102041,19,24,16503,0.5701754385964912,0.5263157894736841,Low,0,1,0,1
73,2,0.5026178010471204,mitsubishi,two,hatchback,fwd,front,0.20699708454810514,0.24179104477611965,0.35042735042735107,0.25,0.16679596586501164,ohc,four,0.1169811320754717,2bbl,0.3071428571428573,0.5523809523809524,0.15000000000000002,0.09345794392523364,0.5510204081632653,37,41,5389,0.11711711711711714,0.13350449293966618,Low,0,1,1,0
74,2,0.5026178010471204,mitsubishi,two,hatchback,fwd,front,0.20699708454810514,0.24179104477611965,0.35042735042735107,0.25,0.1768813033359193,ohc,four,0.1169811320754717,2bbl,0.3071428571428573,0.5523809523809524,0.15000000000000002,0.09345794392523364,0.5510204081632653,31,38,6189,0.20967741935483872,0.17728531855955673,Low,0,1,1,0
75,2,0.5026178010471204,mitsubishi,two,hatchback,fwd,front,0.20699708454810514,0.24179104477611965,0.35042735042735107,0.25,0.20015515903801395,ohc,four,0.1169811320754717,2bbl,0.3071428571428573,0.5523809523809524,0.15000000000000002,0.09345794392523364,0.5510204081632653,31,38,6669,0.20967741935483872,0.17728531855955673,Low,0,1,1,0
76,1,0.5026178010471204,mitsubishi,two,hatchback,fwd,front,0.18658892128279894,0.24179104477611965,0.2991452991452991,0.25,0.2548487199379364,ohc,four,0.13962264150943396,spdi,0.34999999999999987,0.6285714285714287,0.03749999999999998,0.2523364485981308,0.5510204081632653,24,30,7689,0.3761574074074074,0.33684210526315783,Low,0,1,0,1
77,3,0.4607329842931937,mitsubishi,two,hatchback,fwd,front,0.282798833819242,0.4761194029850747,0.4358974358974365,0.13333333333333344,0.3421256788207913,ohc,four,0.18490566037735848,spdi,0.44999999999999996,0.6619047619047619,0.03125,0.3177570093457944,0.5510204081632653,23,30,9959,0.4082125603864734,0.33684210526315783,Low,0,1,0,1
78,3,0.4607329842931937,mitsubishi,two,hatchback,fwd,front,0.282798833819242,0.4761194029850747,0.4358974358974365,0.13333333333333344,0.32583397982932505,ohc,four,0.23018867924528302,2bbl,0.5785714285714286,0.6619047619047619,0.09375,0.18691588785046728,0.3469387755102041,25,32,8499,0.3466666666666667,0.28947368421052627,Low,0,1,1,0
79,3,0.29842931937172773,mitsubishi,two,hatchback,fwd,front,0.2711370262390673,0.4791044776119402,0.5128205128205127,0.20000000000000048,0.521722265321955,ohc,four,0.3584905660377358,spdi,0.7428571428571429,0.8523809523809524,0.0,0.4532710280373832,0.3469387755102041,19,24,12629,0.5701754385964912,0.5263157894736841,Low,0,1,0,1
80,3,0.29842931937172773,mitsubishi,two,hatchback,fwd,front,0.2711370262390673,0.4791044776119402,0.5128205128205127,0.20000000000000048,0.5558572536850271,ohc,four,0.3584905660377358,spdi,0.7499999999999999,0.8523809523809524,0.0,0.4532710280373832,0.3469387755102041,19,24,14869,0.5701754385964912,0.5263157894736841,Low,0,1,0,1
81,3,0.29842931937172773,mitsubishi,two,hatchback,fwd,front,0.2711370262390673,0.4791044776119402,0.5128205128205127,0.20000000000000048,0.5577967416602017,ohc,four,0.3584905660377358,spdi,0.7499999999999999,0.8523809523809524,0.0,0.4532710280373832,0.3469387755102041,19,24,14489,0.5701754385964912,0.5263157894736841,Low,0,1,0,1
82,1,0.31413612565445026,mitsubishi,four,sedan,fwd,front,0.282798833819242,0.4671641791044778,0.4358974358974365,0.31666666666666704,0.34018619084561674,ohc,four,0.23018867924528302,2bbl,0.5785714285714286,0.6619047619047619,0.09375,0.18691588785046728,0.3469387755102041,25,32,6989,0.3466666666666667,0.28947368421052627,Low,0,1,1,0
83,1,0.31413612565445026,mitsubishi,four,sedan,fwd,front,0.282798833819242,0.4671641791044778,0.4358974358974365,0.31666666666666704,0.3557020946470132,ohc,four,0.23018867924528302,2bbl,0.5785714285714286,0.6619047619047619,0.09375,0.18691588785046728,0.3469387755102041,25,32,8189,0.3466666666666667,0.28947368421052627,Low,0,1,1,0
84,1,0.31413612565445026,mitsubishi,four,sedan,fwd,front,0.282798833819242,0.4671641791044778,0.4358974358974365,0.31666666666666704,0.3549262994569434,ohc,four,0.18490566037735848,spdi,0.44999999999999996,0.6619047619047619,0.03125,0.3177570093457944,0.5510204081632653,23,30,9279,0.4082125603864734,0.33684210526315783,Low,0,1,0,1
85,-1,0.3769633507853403,mitsubishi,four,sedan,fwd,front,0.282798833819242,0.4671641791044778,0.4358974358974365,0.31666666666666704,0.3549262994569434,ohc,four,0.18490566037735848,spdi,0.44999999999999996,0.6619047619047619,0.03125,0.3177570093457944,0.5510204081632653,23,30,9279,0.4082125603864734,0.33684210526315783,Low,0,1,1,0
86,1,0.3298429319371728,nissan,two,sedan,fwd,front,0.2303206997084549,0.3611940298507465,0.2991452991452991,0.5583333333333336,0.15554693560899924,ohc,four,0.13584905660377358,2bbl,0.43571428571428567,0.580952380952381,0.15000000000000002,0.09813084112149532,0.42857142857142855,31,37,5499,0.20967741935483872,0.1934566145092461,Low,0,1,1,0
87,1,0.3298429319371728,nissan,two,sedan,fwd,front,0.2303206997084549,0.3611940298507465,0.2991452991452991,0.5583333333333336,0.20519782777346782,ohc,four,0.15849056603773584,idi,0.32142857142857156,0.6666666666666669,0.9312499999999999,0.03271028037383177,0.2653061224489796,45,50,7099,0.03209876543209876,0.03368421052631578,Low,1,0,1,0
88,1,0.3298429319371728,nissan,two,sedan,fwd,front,0.2303206997084549,0.3611940298507465,0.2991452991452991,0.5583333333333336,0.16679596586501164,ohc,four,0.13584905660377358,2bbl,0.43571428571428567,0.580952380952381,0.15000000000000002,0.09813084112149532,0.42857142857142855,31,37,6649,0.20967741935483872,0.1934566145092461,Low,0,1,1,0
89,1,0.29842931937172773,nissan,four,sedan,fwd,front,0.2303206997084549,0.3611940298507465,0.2991452991452991,0.5583333333333336,0.17455391776570986,ohc,four,0.13584905660377358,2bbl,0.43571428571428567,0.580952380952381,0.15000000000000002,0.09813084112149532,0.42857142857142855,31,37,6849,0.20967741935483872,0.1934566145092461,Low,0,1,1,0
90,1,0.19895287958115182,nissan,four,wagon,fwd,front,0.2303206997084549,0.43432835820895516,0.2991452991452991,0.47500000000000026,0.20791311093871218,ohc,four,0.13584905660377358,2bbl,0.43571428571428567,0.580952380952381,0.15000000000000002,0.09813084112149532,0.42857142857142855,31,37,7349,0.20967741935483872,0.1934566145092461,Low,0,1,1,0
91,1,0.3298429319371728,nissan,two,sedan,fwd,front,0.2303206997084549,0.3611940298507465,0.2991452991452991,0.5583333333333336,0.1795965865011637,ohc,four,0.13584905660377358,2bbl,0.43571428571428567,0.580952380952381,0.15000000000000002,0.09813084112149532,0.42857142857142855,31,37,7299,0.20967741935483872,0.1934566145092461,Low,0,1,1,0
92,1,0.3298429319371728,nissan,two,hatchback,fwd,front,0.2303206997084549,0.3656716417910448,0.2991452991452991,0.4583333333333333,0.20946470131885184,ohc,four,0.13584905660377358,2bbl,0.43571428571428567,0.580952380952381,0.15000000000000002,0.09813084112149532,0.42857142857142855,31,37,7799,0.20967741935483872,0.1934566145092461,Low,0,1,1,0
93,1,0.29842931937172773,nissan,four,sedan,fwd,front,0.2303206997084549,0.3611940298507465,0.2991452991452991,0.5583333333333336,0.18735453840186192,ohc,four,0.13584905660377358,2bbl,0.43571428571428567,0.580952380952381,0.15000000000000002,0.09813084112149532,0.42857142857142855,31,37,7499,0.20967741935483872,0.1934566145092461,Low,0,1,1,0
94,1,0.19895287958115182,nissan,four,wagon,fwd,front,0.2303206997084549,0.43432835820895516,0.2991452991452991,0.47500000000000026,0.212955779674166,ohc,four,0.13584905660377358,2bbl,0.43571428571428567,0.580952380952381,0.15000000000000002,0.09813084112149532,0.42857142857142855,31,37,7999,0.20967741935483872,0.1934566145092461,Low,0,1,1,0
95,2,0.5392670157068062,nissan,two,hardtop,fwd,front,0.24781341107871713,0.3179104477611942,0.2991452991452991,0.4583333333333333,0.2017067494181536,ohc,four,0.13584905660377358,2bbl,0.43571428571428567,0.580952380952381,0.15000000000000002,0.09813084112149532,0.42857142857142855,31,37,8249,0.20967741935483872,0.1934566145092461,Low,0,1,1,0
96,0,0.21465968586387435,nissan,four,hatchback,fwd,front,0.30903790087463573,0.4820895522388061,0.4188034188034192,0.5750000000000005,0.3242823894491854,ohc,four,0.22264150943396227,2bbl,0.5642857142857144,0.6666666666666669,0.09375,0.22897196261682243,0.42857142857142855,27,34,8949,0.29423868312757206,0.2476780185758514,Low,0,1,1,0
97,0,0.21465968586387435,nissan,four,sedan,fwd,front,0.30903790087463573,0.4820895522388061,0.4188034188034192,0.5750000000000005,0.3157486423584174,ohc,four,0.22264150943396227,2bbl,0.5642857142857144,0.6666666666666669,0.09375,0.22897196261682243,0.42857142857142855,27,34,9549,0.29423868312757206,0.2476780185758514,Low,0,1,1,0
98,0,0.3298429319371728,nissan,four,sedan,fwd,front,0.4023323615160352,0.6059701492537313,0.52991452991453,0.6083333333333337,0.6233514352211016,ohcv,six,0.4528301886792453,mpfi,0.6357142857142859,0.5714285714285715,0.125,0.48598130841121495,0.42857142857142855,17,22,13499,0.6797385620915033,0.6124401913875598,Low,0,1,1,0
99,0,0.225130890052356,nissan,four,wagon,fwd,front,0.4023323615160352,0.6492537313432836,0.52991452991453,0.691666666666667,0.7013188518231187,ohcv,six,0.4528301886792453,mpfi,0.6357142857142859,0.5714285714285715,0.125,0.48598130841121495,0.42857142857142855,17,22,14399,0.6797385620915033,0.6124401913875598,Low,0,1,1,0
100,0,0.225130890052356,nissan,four,sedan,fwd,front,0.4023323615160352,0.6492537313432836,0.52991452991453,0.6083333333333337,0.6097750193948798,ohcv,six,0.4528301886792453,mpfi,0.6357142857142859,0.5714285714285715,0.125,0.48598130841121495,0.42857142857142855,19,25,13499,0.5701754385964912,0.4884210526315789,Low,0,1,1,0
101,3,0.675392670157068,nissan,two,hatchback,rwd,front,0.13702623906705544,0.4417910447761193,0.6495726495726502,0.1583333333333338,0.6140418929402638,ohcv,six,0.4528301886792453,mpfi,0.6357142857142859,0.5714285714285715,0.125,0.5233644859813084,0.42857142857142855,19,25,17199,0.5701754385964912,0.4884210526315789,Low,0,1,1,0
102,3,0.675392670157068,nissan,two,hatchback,rwd,front,0.13702623906705544,0.4417910447761193,0.6495726495726502,0.1583333333333338,0.6404189294026377,ohcv,six,0.4528301886792453,mpfi,0.6357142857142859,0.5714285714285715,0.04999999999999999,0.7102803738317757,0.42857142857142855,17,23,19699,0.6797385620915033,0.5675057208237986,Medium,0,1,0,1
103,1,0.8691099476439791,nissan,two,hatchback,rwd,front,0.36734693877551033,0.5582089552238807,0.6495726495726502,0.1583333333333338,0.6404189294026377,ohcv,six,0.4528301886792453,mpfi,0.6357142857142859,0.5714285714285715,0.125,0.5233644859813084,0.42857142857142855,19,25,18399,0.5701754385964912,0.4884210526315789,Low,0,1,1,0
104,0,0.5026178010471204,peugot,four,sedan,rwd,front,0.620991253644315,0.6805970149253731,0.6923076923076928,0.7416666666666671,0.5942591155934833,l,four,0.22264150943396227,mpfi,0.6571428571428571,0.5333333333333333,0.08750000000000002,0.22897196261682243,0.3469387755102041,19,24,11900,0.5701754385964912,0.5263157894736841,Low,0,1,1,0
105,0,0.5026178010471204,peugot,four,sedan,rwd,front,0.620991253644315,0.6805970149253731,0.6923076923076928,0.7416666666666671,0.6629169899146625,l,four,0.3433962264150943,idi,0.8285714285714287,0.6904761904761906,0.875,0.21962616822429906,0.0,28,33,13200,0.2708333333333333,0.26794258373205737,Low,1,0,0,1
106,0,0.29842931937172773,peugot,four,wagon,rwd,front,0.8046647230320699,0.8626865671641792,0.6923076923076928,0.9083333333333338,0.6757176105508146,l,four,0.22264150943396227,mpfi,0.6571428571428571,0.5333333333333333,0.08750000000000002,0.22897196261682243,0.3469387755102041,19,24,12440,0.5701754385964912,0.5263157894736841,Low,0,1,1,0
107,0,0.29842931937172773,peugot,four,wagon,rwd,front,0.8046647230320699,0.8626865671641792,0.6923076923076928,0.9083333333333338,0.7532971295577967,l,four,0.3433962264150943,idi,0.8285714285714287,0.6904761904761906,0.875,0.21962616822429906,0.0,25,25,13860,0.3466666666666667,0.4884210526315789,Low,1,0,0,1
108,0,0.5026178010471204,peugot,four,sedan,rwd,front,0.620991253644315,0.6805970149253731,0.6923076923076928,0.7416666666666671,0.6155934833204034,l,four,0.22264150943396227,mpfi,0.6571428571428571,0.05714285714285719,0.08750000000000002,0.21962616822429906,0.3469387755102041,19,24,15580,0.5701754385964912,0.5263157894736841,Low,0,1,1,0
109,0,0.5026178010471204,peugot,four,sedan,rwd,front,0.620991253644315,0.6805970149253731,0.6923076923076928,0.7416666666666671,0.6842513576415826,l,four,0.3433962264150943,idi,0.8285714285714287,0.6904761904761906,0.875,0.21962616822429906,0.0,28,33,16900,0.2708333333333333,0.26794258373205737,Low,1,0,0,1
110,0,0.29842931937172773,peugot,four,wagon,rwd,front,0.8046647230320699,0.8626865671641792,0.6923076923076928,0.7416666666666671,0.6970519782777347,l,four,0.22264150943396227,mpfi,0.6571428571428571,0.05714285714285719,0.08750000000000002,0.21962616822429906,0.3469387755102041,19,24,16695,0.5701754385964912,0.5263157894736841,Low,0,1,1,0
111,0,0.29842931937172773,peugot,four,wagon,rwd,front,0.8046647230320699,0.8626865671641792,0.6923076923076928,0.9083333333333338,0.7746314972847168,l,four,0.3433962264150943,idi,0.8285714285714287,0.6904761904761906,0.875,0.21962616822429906,0.0,25,25,17075,0.3466666666666667,0.4884210526315789,Low,1,0,0,1
112,0,0.5026178010471204,peugot,four,sedan,rwd,front,0.620991253644315,0.6805970149253731,0.6923076923076928,0.7416666666666671,0.6155934833204034,l,four,0.22264150943396227,mpfi,0.6571428571428571,0.5333333333333333,0.08750000000000002,0.22897196261682243,0.3469387755102041,19,24,16630,0.5701754385964912,0.5263157894736841,Low,0,1,1,0
113,0,0.5026178010471204,peugot,four,sedan,rwd,front,0.620991253644315,0.6805970149253731,0.6923076923076928,0.7416666666666671,0.6842513576415826,l,four,0.3433962264150943,idi,0.8285714285714287,0.6904761904761906,0.875,0.21962616822429906,0.0,28,33,17950,0.2708333333333333,0.26794258373205737,Low,1,0,0,1
114,0,0.5026178010471204,peugot,four,sedan,rwd,front,0.6239067055393586,0.6805970149253731,0.6837606837606836,0.6833333333333336,0.6369278510473235,l,four,0.27547169811320754,mpfi,0.7642857142857142,0.5428571428571429,0.0,0.4392523364485981,0.5918367346938775,18,24,18150,0.6219135802469136,0.5263157894736841,Low,0,1,0,1
115,1,0.28272251308900526,plymouth,two,hatchback,fwd,front,0.20699708454810514,0.24179104477611965,0.2991452991452991,0.25,0.16679596586501164,ohc,four,0.10943396226415095,2bbl,0.3071428571428573,0.5523809523809524,0.15000000000000002,0.09345794392523364,0.5510204081632653,37,41,5572,0.11711711711711714,0.13350449293966618,Low,0,1,1,0
116,1,0.28272251308900526,plymouth,two,hatchback,fwd,front,0.20699708454810514,0.24179104477611965,0.2991452991452991,0.25,0.2482544608223429,ohc,four,0.13962264150943396,spdi,0.34999999999999987,0.6285714285714287,0.03749999999999998,0.2523364485981308,0.5510204081632653,24,30,7957,0.3761574074074074,0.33684210526315783,Low,0,1,0,1
117,1,0.46596858638743455,plymouth,four,hatchback,fwd,front,0.20699708454810514,0.24179104477611965,0.2991452991452991,0.2333333333333337,0.18580294802172226,ohc,four,0.10943396226415095,2bbl,0.3071428571428573,0.5523809523809524,0.15000000000000002,0.09345794392523364,0.5510204081632653,31,38,6229,0.20967741935483872,0.17728531855955673,Low,0,1,1,0
118,1,0.46596858638743455,plymouth,four,sedan,fwd,front,0.20699708454810514,0.39104477611940325,0.2991452991452991,0.25,0.1943366951124903,ohc,four,0.10943396226415095,2bbl,0.3071428571428573,0.5523809523809524,0.15000000000000002,0.09345794392523364,0.5510204081632653,31,38,6692,0.20967741935483872,0.17728531855955673,Low,0,1,1,0
119,1,0.46596858638743455,plymouth,four,sedan,fwd,front,0.20699708454810514,0.39104477611940325,0.2991452991452991,0.25,0.2726920093095423,ohc,four,0.13962264150943396,2bbl,0.3071428571428573,0.5523809523809524,0.15000000000000002,0.09345794392523364,0.5510204081632653,31,38,7609,0.20967741935483872,0.17728531855955673,Low,0,1,1,0
120,-1,0.04712041884816754,plymouth,four,wagon,fwd,front,0.48688046647230315,0.5,0.3675213675213672,1.0,0.4061287820015516,ohc,four,0.23018867924528302,2bbl,0.5785714285714286,0.6619047619047619,0.09375,0.18691588785046728,0.3469387755102041,24,30,8921,0.3761574074074074,0.33684210526315783,Low,0,1,1,0
121,3,0.29842931937172773,plymouth,two,hatchback,rwd,front,0.2711370262390673,0.4791044776119402,0.5128205128205127,0.20000000000000048,0.5159038013964313,ohc,four,0.3584905660377358,spdi,0.7499999999999999,0.8523809523809524,0.0,0.4532710280373832,0.3469387755102041,19,24,12764,0.5701754385964912,0.5263157894736841,Low,0,1,0,1
122,3,0.6335078534031413,porsche,two,hatchback,rwd,front,0.2303206997084549,0.41492537313432853,0.6837606837606836,0.20000000000000048,0.5003878975950349,ohc,four,0.33962264150943394,mpfi,1.0,0.49523809523809526,0.15625,0.4439252336448598,0.5510204081632653,19,27,22018,0.5701754385964912,0.42105263157894735,Medium,0,1,1,0
123,3,0.29842931937172773,porsche,two,hardtop,rwd,rear,0.08454810495626836,0.41492537313432853,0.40170940170940184,0.31666666666666704,0.4918541505042669,ohcf,six,0.5018867924528302,mpfi,0.8571428571428573,0.3952380952380953,0.15625,0.7429906542056075,0.7142857142857143,17,25,32528,0.6797385620915033,0.4884210526315789,High,0,1,1,0
124,3,0.29842931937172773,porsche,two,hardtop,rwd,rear,0.08454810495626836,0.41492537313432853,0.40170940170940184,0.31666666666666704,0.4918541505042669,ohcf,six,0.5018867924528302,mpfi,0.8571428571428573,0.3952380952380953,0.15625,0.7429906542056075,0.7142857142857143,17,25,34028,0.6797385620915033,0.4884210526315789,High,0,1,1,0
125,3,0.29842931937172773,porsche,two,convertible,rwd,rear,0.08454810495626836,0.41492537313432853,0.40170940170940184,0.31666666666666704,0.5089216446858029,ohcf,six,0.5018867924528302,mpfi,0.8571428571428573,0.3952380952380953,0.15625,0.7429906542056075,0.7142857142857143,17,25,37028,0.6797385620915033,0.4884210526315789,High,0,1,1,0
126,0,0.29842931937172773,renault,four,wagon,fwd,front,0.27696793002915443,0.6029850746268658,0.52991452991453,0.6166666666666671,0.42319627618308764,ohc,four,0.2679245283018868,mpfi,0.6571428571428571,0.8714285714285714,0.10624999999999996,0.258864415535622,0.39493385293816036,23,31,9295,0.4082125603864734,0.31239388794567063,Low,0,1,1,0
127,2,0.29842931937172773,renault,two,hatchback,fwd,front,0.27696793002915443,0.5328358208955226,0.5384615384615381,0.22500000000000023,0.3770364623739333,ohc,four,0.2679245283018868,mpfi,0.6571428571428571,0.8714285714285714,0.10624999999999996,0.258864415535622,0.39493385293816036,23,31,9895,0.4082125603864734,0.31239388794567063,Low,0,1,1,0
128,3,0.44502617801047123,saab,two,hatchback,fwd,front,0.36443148688046634,0.6791044776119403,0.52991452991453,0.691666666666667,0.4538401861908456,ohc,four,0.22641509433962265,mpfi,0.7142857142857143,0.47619047619047616,0.14437500000000003,0.2897196261682243,0.4489795918367347,21,28,11850,0.48148148148148145,0.3909774436090225,Low,0,1,1,0
129,2,0.20418848167539266,saab,four,sedan,fwd,front,0.36443148688046634,0.6791044776119403,0.52991452991453,0.691666666666667,0.4681923972071373,ohc,four,0.22641509433962265,mpfi,0.7142857142857143,0.47619047619047616,0.14375000000000004,0.2897196261682243,0.4489795918367347,21,28,12170,0.48148148148148145,0.3909774436090225,Low,0,1,1,0
130,3,0.44502617801047123,saab,two,hatchback,fwd,front,0.36443148688046634,0.6791044776119403,0.52991452991453,0.691666666666667,0.47284716834755625,ohc,four,0.22641509433962265,mpfi,0.0,0.0,0.14375000000000004,0.2897196261682243,0.4489795918367347,21,28,15040,0.48148148148148145,0.3909774436090225,Low,0,1,1,0
131,2,0.20418848167539266,saab,four,sedan,fwd,front,0.36443148688046634,0.6791044776119403,0.52991452991453,0.691666666666667,0.4926299456943367,ohc,four,0.22641509433962265,mpfi,0.7142857142857143,0.47619047619047616,0.14375000000000004,0.2897196261682243,0.4489795918367347,21,28,15510,0.48148148148148145,0.3909774436090225,Low,0,1,1,0
132,3,0.44502617801047123,saab,two,hatchback,fwd,front,0.36443148688046634,0.6791044776119403,0.52991452991453,0.691666666666667,0.5120248254460822,dohc,four,0.22641509433962265,mpfi,0.7142857142857143,0.47619047619047616,0.125,0.5233644859813084,0.5510204081632653,19,26,18150,0.5701754385964912,0.45344129554655865,Low,0,1,0,1
133,2,0.20418848167539266,saab,four,sedan,fwd,front,0.36443148688046634,0.6791044776119403,0.52991452991453,0.691666666666667,0.5271528316524438,dohc,four,0.22641509433962265,mpfi,0.7142857142857143,0.47619047619047616,0.125,0.5233644859813084,0.5510204081632653,19,26,18620,0.5701754385964912,0.45344129554655865,Medium,0,1,0,1
134,2,0.09424083769633508,subaru,two,hatchback,fwd,front,0.20699708454810514,0.23582089552238822,0.264957264957265,0.49166666666666714,0.21799844840961985,ohcf,four,0.13584905660377358,2bbl,0.7714285714285716,0.1380952380952381,0.125,0.09813084112149532,0.30612244897959184,31,36,5118,0.20967741935483872,0.21052631578947364,,0,1,1,0
135,2,0.09424083769633508,subaru,two,hatchback,fwd,front,0.20699708454810514,0.25074626865671656,0.2820512820512823,0.49166666666666714,0.2451512800620636,ohcf,four,0.17735849056603772,2bbl,0.7714285714285716,0.2714285714285716,0.10624999999999996,0.11682242990654206,0.10204081632653061,26,31,7053,0.3194444444444444,0.31239388794567063,Low,0,1,1,0
136,2,0.09424083769633508,subaru,two,hatchback,4wd,front,0.19533527696793004,0.24179104477611965,0.2991452991452991,0.6583333333333338,0.2916989914662529,ohcf,four,0.17735849056603772,2bbl,0.7714285714285716,0.2714285714285716,0.10624999999999996,0.11682242990654206,0.10204081632653061,26,31,7603,0.3194444444444444,0.31239388794567063,Low,0,1,1,0
137,0,0.193717277486911,subaru,four,sedan,fwd,front,0.30903790087463573,0.46119402985074637,0.4358974358974365,0.3916666666666669,0.2548487199379364,ohcf,four,0.17735849056603772,2bbl,0.7714285714285716,0.2714285714285716,0.15625,0.1588785046728972,0.2653061224489796,32,37,7126,0.19184027777777776,0.1934566145092461,Low,0,1,1,0
138,0,0.193717277486911,subaru,four,sedan,fwd,front,0.30903790087463573,0.46119402985074637,0.4358974358974365,0.3916666666666669,0.27230411171450736,ohcf,four,0.17735849056603772,2bbl,0.7714285714285716,0.2714285714285716,0.15625,0.1588785046728972,0.10204081632653061,28,33,7775,0.2708333333333333,0.26794258373205737,Low,0,1,1,0
139,0,0.193717277486911,subaru,four,sedan,fwd,front,0.30903790087463573,0.46119402985074637,0.4358974358974365,0.3916666666666669,0.330488750969744,ohcf,four,0.17735849056603772,mpfi,0.7714285714285716,0.2714285714285716,0.125,0.21495327102803738,0.42857142857142855,26,32,9960,0.3194444444444444,0.28947368421052627,Low,0,1,1,0
140,0,0.193717277486911,subaru,four,sedan,4wd,front,0.3032069970845482,0.46119402985074637,0.4358974358974365,0.5416666666666666,0.34794414274631497,ohcf,four,0.17735849056603772,2bbl,0.7714285714285716,0.2714285714285716,0.125,0.1588785046728972,0.2653061224489796,24,25,9233,0.3761574074074074,0.4884210526315789,Low,0,1,1,0
141,0,0.193717277486911,subaru,four,sedan,4wd,front,0.3032069970845482,0.46119402985074637,0.4358974358974365,0.5416666666666666,0.3964313421256788,ohcf,four,0.17735849056603772,mpfi,0.7714285714285716,0.2714285714285716,0.04375000000000001,0.29439252336448596,0.2653061224489796,24,29,11259,0.3761574074074074,0.3629764065335753,Low,0,1,0,1
142,0,0.1256544502617801,subaru,four,wagon,fwd,front,0.3032069970845482,0.4835820895522389,0.4358974358974365,0.43333333333333357,0.3110938712179985,ohcf,four,0.17735849056603772,2bbl,0.7714285714285716,0.2714285714285716,0.125,0.1588785046728972,0.2653061224489796,28,32,7463,0.2708333333333333,0.28947368421052627,Low,0,1,1,0
143,0,0.1256544502617801,subaru,four,wagon,fwd,front,0.3032069970845482,0.4835820895522389,0.4358974358974365,0.43333333333333357,0.3750969743987587,ohcf,four,0.17735849056603772,mpfi,0.7714285714285716,0.2714285714285716,0.125,0.21495327102803738,0.42857142857142855,25,31,10198,0.3466666666666667,0.31239388794567063,Low,0,1,1,0
144,0,0.10471204188481675,subaru,four,wagon,4wd,front,0.3002915451895046,0.48507462686567165,0.4358974358974365,0.5916666666666668,0.36152055857253684,ohcf,four,0.17735849056603772,2bbl,0.7714285714285716,0.2714285714285716,0.125,0.1588785046728972,0.2653061224489796,23,29,8013,0.4082125603864734,0.3629764065335753,Low,0,1,1,0
145,0,0.10471204188481675,subaru,four,wagon,4wd,front,0.3002915451895046,0.48507462686567165,0.4358974358974365,0.5916666666666668,0.45073700543056633,ohcf,four,0.17735849056603772,mpfi,0.7714285714285716,0.2714285714285716,0.04375000000000001,0.29439252336448596,0.2653061224489796,23,23,11694,0.4082125603864734,0.5675057208237986,Low,0,1,0,1
146,1,0.11518324607329843,toyota,two,hatchback,fwd,front,0.2653061224489798,0.26268656716417904,0.2820512820512823,0.5583333333333336,0.19278510473235067,ohc,four,0.1169811320754717,2bbl,0.36428571428571416,0.45714285714285713,0.125,0.06542056074766354,0.2653061224489796,35,39,5348,0.14444444444444443,0.16194331983805663,Low,0,1,1,0
147,1,0.11518324607329843,toyota,two,hatchback,fwd,front,0.2653061224489798,0.26268656716417904,0.2820512820512823,0.5583333333333336,0.21411947245927077,ohc,four,0.1169811320754717,2bbl,0.36428571428571416,0.45714285714285713,0.125,0.06542056074766354,0.2653061224489796,31,38,6338,0.20967741935483872,0.17728531855955673,Low,0,1,1,0
148,1,0.04712041884816754,toyota,four,hatchback,fwd,front,0.2653061224489798,0.26268656716417904,0.2820512820512823,0.5583333333333336,0.20442203258339797,ohc,four,0.1169811320754717,2bbl,0.36428571428571416,0.45714285714285713,0.125,0.06542056074766354,0.2653061224489796,31,38,6488,0.20967741935483872,0.17728531855955673,Low,0,1,1,0
149,0,0.06282722513089005,toyota,four,wagon,fwd,front,0.2653061224489798,0.42686567164179096,0.2820512820512823,0.941666666666667,0.30721489526764933,ohc,four,0.1169811320754717,2bbl,0.36428571428571416,0.45714285714285713,0.125,0.06542056074766354,0.2653061224489796,31,37,6918,0.20967741935483872,0.1934566145092461,Low,0,1,1,0
150,0,0.08376963350785341,toyota,four,wagon,4wd,front,0.2653061224489798,0.42686567164179096,0.2820512820512823,0.941666666666667,0.3110938712179985,ohc,four,0.1169811320754717,2bbl,0.36428571428571416,0.45714285714285713,0.125,0.06542056074766354,0.2653061224489796,27,32,7898,0.29423868312757206,0.28947368421052627,Low,0,1,1,0
151,0,0.13612565445026178,toyota,four,wagon,4wd,front,0.2653061224489798,0.42686567164179096,0.2820512820512823,0.941666666666667,0.6291698991466252,ohc,four,0.1169811320754717,2bbl,0.36428571428571416,0.45714285714285713,0.125,0.06542056074766354,0.2653061224489796,27,32,8778,0.29423868312757206,0.28947368421052627,Low,0,1,1,0
152,0,0.13612565445026178,toyota,four,sedan,fwd,front,0.2653061224489798,0.3761194029850749,0.35042735042735107,0.43333333333333357,0.2300232738557021,ohc,four,0.13962264150943396,2bbl,0.46428571428571425,0.45714285714285713,0.125,0.102803738317757,0.2653061224489796,30,37,6938,0.2287037037037037,0.1934566145092461,Low,0,1,1,0
153,0,0.13612565445026178,toyota,four,hatchback,fwd,front,0.2653061224489798,0.3761194029850749,0.35042735042735107,0.4166666666666667,0.24088440651667958,ohc,four,0.13962264150943396,2bbl,0.46428571428571425,0.45714285714285713,0.125,0.102803738317757,0.2653061224489796,30,37,7198,0.2287037037037037,0.1934566145092461,Low,0,1,1,0
154,0,0.13612565445026178,toyota,four,sedan,fwd,front,0.2653061224489798,0.3761194029850749,0.35042735042735107,0.43333333333333357,0.30527540729247477,ohc,four,0.18490566037735848,idi,0.5214285714285715,0.6095238095238096,0.96875,0.037383177570093455,0.14285714285714285,34,36,7898,0.1593137254901961,0.21052631578947364,Low,1,0,1,0
155,0,0.13612565445026178,toyota,four,hatchback,fwd,front,0.2653061224489798,0.3761194029850749,0.35042735042735107,0.4166666666666667,0.30527540729247477,ohc,four,0.18490566037735848,idi,0.5214285714285715,0.6095238095238096,0.96875,0.037383177570093455,0.14285714285714285,38,47,7788,0.10453216374269005,0.06270996640537511,Low,1,0,1,0
156,0,0.13612565445026178,toyota,four,sedan,fwd,front,0.2653061224489798,0.3761194029850749,0.35042735042735107,0.43333333333333357,0.23506594259115593,ohc,four,0.13962264150943396,2bbl,0.46428571428571425,0.45714285714285713,0.125,0.102803738317757,0.2653061224489796,38,47,7738,0.10453216374269005,0.06270996640537511,Low,0,1,1,0
157,0,0.13612565445026178,toyota,four,hatchback,fwd,front,0.2653061224489798,0.3761194029850749,0.35042735042735107,0.4166666666666667,0.24592707525213345,ohc,four,0.13962264150943396,2bbl,0.46428571428571425,0.45714285714285713,0.125,0.102803738317757,0.2653061224489796,28,34,8358,0.2708333333333333,0.2476780185758514,Low,0,1,1,0
158,0,0.13612565445026178,toyota,four,sedan,fwd,front,0.2653061224489798,0.3761194029850749,0.35042735042735107,0.4166666666666667,0.2529092319627618,ohc,four,0.13962264150943396,2bbl,0.46428571428571425,0.45714285714285713,0.125,0.102803738317757,0.2653061224489796,28,34,9258,0.2708333333333333,0.2476780185758514,Low,0,1,1,0
159,1,0.5392670157068062,toyota,two,sedan,rwd,front,0.2303206997084549,0.4119402985074626,0.3162393162393164,0.40000000000000036,0.26415826221877425,ohc,four,0.13962264150943396,2bbl,0.46428571428571425,0.45714285714285713,0.125,0.102803738317757,0.2653061224489796,29,34,8058,0.24904214559386975,0.2476780185758514,Low,0,1,1,0
160,1,0.5392670157068062,toyota,two,hatchback,rwd,front,0.2303206997084549,0.4119402985074626,0.3162393162393164,0.40000000000000036,0.27773467804499613,ohc,four,0.13962264150943396,2bbl,0.46428571428571425,0.45714285714285713,0.125,0.102803738317757,0.2653061224489796,29,34,8238,0.24904214559386975,0.2476780185758514,Low,0,1,1,0
161,1,0.5392670157068062,toyota,two,sedan,rwd,front,0.2303206997084549,0.4119402985074626,0.3162393162393164,0.40000000000000036,0.3013964313421257,dohc,four,0.13962264150943396,mpfi,0.5000000000000001,0.480952380952381,0.15000000000000002,0.29906542056074764,1.0,26,29,9298,0.3194444444444444,0.3629764065335753,Low,0,1,1,0
162,1,0.5392670157068062,toyota,two,hatchback,rwd,front,0.2303206997084549,0.4119402985074626,0.3162393162393164,0.40000000000000036,0.31497284716834756,dohc,four,0.13962264150943396,mpfi,0.5000000000000001,0.480952380952381,0.15000000000000002,0.29906542056074764,1.0,26,29,9538,0.3194444444444444,0.3629764065335753,Low,0,1,1,0
163,2,0.3612565445026178,toyota,two,hardtop,rwd,front,0.3440233236151606,0.5238805970149253,0.45299145299145266,0.35000000000000026,0.40806826997672613,ohc,four,0.32075471698113206,mpfi,0.7714285714285716,0.680952380952381,0.14375000000000004,0.3177570093457944,0.2653061224489796,24,30,8449,0.3761574074074074,0.33684210526315783,Low,0,1,1,0
164,2,0.3612565445026178,toyota,two,hardtop,rwd,front,0.3440233236151606,0.5238805970149253,0.45299145299145266,0.35000000000000026,0.4065166795965865,ohc,four,0.32075471698113206,mpfi,0.7714285714285716,0.680952380952381,0.14375000000000004,0.3177570093457944,0.2653061224489796,24,30,9639,0.3761574074074074,0.33684210526315783,Low,0,1,1,0
165,2,0.3612565445026178,toyota,two,hatchback,rwd,front,0.3440233236151606,0.5238805970149253,0.45299145299145266,0.35000000000000026,0.41233514352211015,ohc,four,0.32075471698113206,mpfi,0.7714285714285716,0.680952380952381,0.14375000000000004,0.3177570093457944,0.2653061224489796,24,30,9989,0.3761574074074074,0.33684210526315783,Low,0,1,1,0
166,2,0.3612565445026178,toyota,two,hardtop,rwd,front,0.3440233236151606,0.5238805970149253,0.45299145299145266,0.35000000000000026,0.46198603568657876,ohc,four,0.32075471698113206,mpfi,0.7714285714285716,0.680952380952381,0.14375000000000004,0.3177570093457944,0.2653061224489796,24,30,11199,0.3761574074074074,0.33684210526315783,Low,0,1,1,0
167,2,0.3612565445026178,toyota,two,hatchback,rwd,front,0.3440233236151606,0.5238805970149253,0.45299145299145266,0.35000000000000026,0.47556245151280063,ohc,four,0.32075471698113206,mpfi,0.7714285714285716,0.680952380952381,0.14375000000000004,0.3177570093457944,0.2653061224489796,24,30,11549,0.3761574074074074,0.33684210526315783,Low,0,1,1,0
168,2,0.3612565445026178,toyota,two,convertible,rwd,front,0.3440233236151606,0.5238805970149253,0.45299145299145266,0.43333333333333357,0.5768037238169124,ohc,four,0.32075471698113206,mpfi,0.7714285714285716,0.680952380952381,0.14375000000000004,0.3177570093457944,0.2653061224489796,24,30,17669,0.3761574074074074,0.33684210526315783,Low,0,1,1,0
169,-1,0.0,toyota,four,sedan,fwd,front,0.4606413994169098,0.5149253731343284,0.52991452991453,0.5916666666666668,0.32505818463925523,ohc,four,0.23018867924528302,mpfi,0.55,0.7000000000000001,0.10624999999999996,0.205607476635514,0.02040816326530612,29,34,8948,0.24904214559386975,0.2476780185758514,Low,0,1,1,0
170,-1,0.0,toyota,four,sedan,fwd,front,0.4606413994169098,0.5149253731343284,0.52991452991453,0.5916666666666668,0.3847944142746315,ohc,four,0.18490566037735848,idi,0.5214285714285715,0.6095238095238096,0.96875,0.11682242990654206,0.14285714285714285,30,33,10698,0.2287037037037037,0.26794258373205737,Low,1,0,0,1
171,-1,0.0,toyota,four,hatchback,fwd,front,0.4606413994169098,0.5149253731343284,0.52991452991453,0.5083333333333334,0.3591931730023274,ohc,four,0.23018867924528302,mpfi,0.55,0.7000000000000001,0.10624999999999996,0.205607476635514,0.02040816326530612,27,32,9988,0.29423868312757206,0.28947368421052627,Low,0,1,1,0
172,-1,0.0,toyota,four,sedan,fwd,front,0.4606413994169098,0.5149253731343284,0.52991452991453,0.5916666666666668,0.3591931730023274,ohc,four,0.23018867924528302,mpfi,0.55,0.7000000000000001,0.10624999999999996,0.205607476635514,0.02040816326530612,27,32,10898,0.29423868312757206,0.28947368421052627,Low,0,1,1,0
173,-1,0.0,toyota,four,hatchback,fwd,front,0.4606413994169098,0.5149253731343284,0.52991452991453,0.5083333333333334,0.3762606671838635,ohc,four,0.23018867924528302,mpfi,0.55,0.7000000000000001,0.10624999999999996,0.205607476635514,0.02040816326530612,27,32,11248,0.29423868312757206,0.28947368421052627,Low,0,1,1,0
174,3,0.6910994764397905,toyota,two,hatchback,rwd,front,0.47521865889212844,0.6328358208955225,0.6324786324786328,0.35000000000000026,0.5771916214119472,dohc,six,0.41509433962264153,mpfi,0.5214285714285715,0.6095238095238096,0.14375000000000004,0.5280373831775701,0.42857142857142855,20,24,16558,0.5236111111111111,0.5263157894736841,Low,0,1,1,0
175,3,0.6910994764397905,toyota,two,hatchback,rwd,front,0.47521865889212844,0.6328358208955225,0.6324786324786328,0.35000000000000026,0.5927075252133437,dohc,six,0.41509433962264153,mpfi,0.5214285714285715,0.6095238095238096,0.14375000000000004,0.5280373831775701,0.42857142857142855,19,24,15998,0.5701754385964912,0.5263157894736841,Low,0,1,1,0
176,-1,0.13089005235602094,toyota,four,sedan,rwd,front,0.521865889212828,0.6970149253731346,0.52991452991453,0.5250000000000004,0.6373157486423584,dohc,six,0.41509433962264153,mpfi,0.5214285714285715,0.6095238095238096,0.13749999999999996,0.5046728971962616,0.42857142857142855,20,24,15690,0.5236111111111111,0.5263157894736841,Low,0,1,1,0
177,-1,0.29842931937172773,toyota,four,wagon,rwd,front,0.521865889212828,0.6970149253731346,0.52991452991453,0.5250000000000004,0.6450737005430567,dohc,six,0.37735849056603776,mpfi,0.5214285714285715,0.6095238095238096,0.13749999999999996,0.5046728971962616,0.42857142857142855,19,24,15750,0.5701754385964912,0.5263157894736841,Low,0,1,1,0
178,2,0.29842931937172773,volkswagen,two,sedan,fwd,front,0.3119533527696793,0.4567164179104477,0.4444444444444446,0.6583333333333338,0.29984484096198605,ohc,four,0.13584905660377358,idi,0.3357142857142856,0.6333333333333333,1.0,0.018691588785046728,0.2653061224489796,37,46,7775,0.11711711711711714,0.0732265446224256,Low,1,0,1,0
179,2,0.29842931937172773,volkswagen,two,sedan,fwd,front,0.3119533527696793,0.4567164179104477,0.4444444444444446,0.6583333333333338,0.2796741660201707,ohc,four,0.1811320754716981,mpfi,0.46428571428571425,0.6333333333333333,0.125,0.17289719626168223,0.4489795918367347,27,34,7975,0.29423868312757206,0.2476780185758514,Low,0,1,1,0
180,2,0.1518324607329843,volkswagen,four,sedan,fwd,front,0.3119533527696793,0.4567164179104477,0.4444444444444446,0.6583333333333338,0.30100853374709075,ohc,four,0.13584905660377358,idi,0.3357142857142856,0.6333333333333333,1.0,0.018691588785046728,0.2653061224489796,37,46,7995,0.11711711711711714,0.0732265446224256,Low,1,0,1,0
181,2,0.1518324607329843,volkswagen,four,sedan,fwd,front,0.3119533527696793,0.4567164179104477,0.4444444444444446,0.6583333333333338,0.2808378588052754,ohc,four,0.1811320754716981,mpfi,0.46428571428571425,0.6333333333333333,0.125,0.17289719626168223,0.4489795918367347,27,34,8195,0.29423868312757206,0.2476780185758514,Low,0,1,1,0
182,2,0.1518324607329843,volkswagen,four,sedan,fwd,front,0.3119533527696793,0.4567164179104477,0.4444444444444446,0.6583333333333338,0.30527540729247477,ohc,four,0.1811320754716981,mpfi,0.46428571428571425,0.6333333333333333,0.125,0.17289719626168223,0.4489795918367347,27,34,8495,0.29423868312757206,0.2476780185758514,Low,0,1,1,0
183,2,0.1518324607329843,volkswagen,four,sedan,fwd,front,0.3119533527696793,0.4567164179104477,0.4444444444444446,0.6583333333333338,0.32234290147401085,ohc,four,0.13584905660377358,idi,0.3357142857142856,0.6333333333333333,1.0,0.09345794392523364,0.14285714285714285,37,42,9495,0.11711711711711714,0.12030075187969919,Low,1,0,0,1
184,2,0.1518324607329843,volkswagen,four,sedan,fwd,front,0.3119533527696793,0.4567164179104477,0.4444444444444446,0.6583333333333338,0.31497284716834756,ohc,four,0.1811320754716981,mpfi,0.46428571428571425,0.6333333333333333,0.1875,0.24299065420560748,0.5510204081632653,26,32,9995,0.3194444444444444,0.28947368421052627,Low,0,1,1,0
185,3,0.29842931937172773,volkswagen,two,convertible,fwd,front,0.2303206997084549,0.27164179104477637,0.33333333333333376,0.6500000000000004,0.29712955779674166,ohc,four,0.1811320754716981,mpfi,0.46428571428571425,0.6333333333333333,0.09375,0.19626168224299065,0.5510204081632653,24,29,11595,0.3761574074074074,0.3629764065335753,Low,0,1,1,0
186,3,1.0,volkswagen,two,hatchback,fwd,front,0.2303206997084549,0.3671641791044775,0.3162393162393164,0.3000000000000001,0.2843289371605896,ohc,four,0.1811320754716981,mpfi,0.46428571428571425,0.6333333333333333,0.09375,0.19626168224299065,0.5510204081632653,24,29,9980,0.3761574074074074,0.3629764065335753,Low,0,1,1,0
187,0,0.29842931937172773,volkswagen,four,sedan,fwd,front,0.4023323615160352,0.5835820895522387,0.5641025641025647,0.6083333333333337,0.45500387897595035,ohc,five,0.2830188679245283,mpfi,0.46428571428571425,0.6333333333333333,0.09375,0.2897196261682243,0.5510204081632653,19,24,13295,0.5701754385964912,0.5263157894736841,Low,0,1,1,0
188,0,0.29842931937172773,volkswagen,four,sedan,fwd,front,0.4023323615160352,0.5835820895522387,0.5641025641025647,0.6083333333333337,0.42319627618308764,ohc,four,0.13584905660377358,idi,0.3357142857142856,0.6333333333333333,1.0,0.09345794392523364,0.14285714285714285,33,38,13845,0.17508417508417506,0.17728531855955673,Low,1,0,0,1
189,0,0.29842931937172773,volkswagen,four,wagon,fwd,front,0.4023323615160352,0.6268656716417911,0.5641025641025647,0.6083333333333337,0.4169899146625291,ohc,four,0.1811320754716981,mpfi,0.46428571428571425,0.6333333333333333,0.125,0.18691588785046728,0.5510204081632653,25,31,12290,0.3466666666666667,0.31239388794567063,Low,0,1,1,0
190,-2,0.19895287958115182,volvo,four,sedan,rwd,front,0.5160349854227404,0.711940298507463,0.5897435897435901,0.7000000000000005,0.552366175329713,ohc,four,0.3018867924528302,mpfi,0.8857142857142856,0.5142857142857143,0.15625,0.308411214953271,0.5102040816326531,23,28,12940,0.4082125603864734,0.3909774436090225,Low,0,1,1,0
191,-1,0.04712041884816754,volvo,four,wagon,rwd,front,0.5160349854227404,0.711940298507463,0.5897435897435901,0.8083333333333336,0.5996896819239721,ohc,four,0.3018867924528302,mpfi,0.8857142857142856,0.5142857142857143,0.15625,0.308411214953271,0.5102040816326531,23,28,13415,0.4082125603864734,0.3909774436090225,Low,0,1,1,0
192,-2,0.19895287958115182,volvo,four,sedan,rwd,front,0.5160349854227404,0.711940298507463,0.5897435897435901,0.7000000000000005,0.5612878200155159,ohc,four,0.3018867924528302,mpfi,0.8857142857142856,0.5142857142857143,0.15625,0.308411214953271,0.5102040816326531,24,28,15985,0.3761574074074074,0.3909774436090225,Low,0,1,1,0
193,-1,0.04712041884816754,volvo,four,wagon,rwd,front,0.5160349854227404,0.711940298507463,0.5897435897435901,0.8083333333333336,0.6027928626842514,ohc,four,0.3018867924528302,mpfi,0.8857142857142856,0.5142857142857143,0.15625,0.308411214953271,0.5102040816326531,24,28,16515,0.3761574074074074,0.3909774436090225,Low,0,1,1,0
194,-2,0.19895287958115182,volvo,four,sedan,rwd,front,0.5160349854227404,0.711940298507463,0.5897435897435901,0.7000000000000005,0.6039565554693561,ohc,four,0.26037735849056604,mpfi,0.7714285714285716,0.5142857142857143,0.03125,0.5327102803738317,0.3877551020408163,17,22,18420,0.6797385620915033,0.6124401913875598,Low,0,1,0,1
195,-1,0.04712041884816754,volvo,four,wagon,rwd,front,0.5160349854227404,0.711940298507463,0.5897435897435901,0.8083333333333336,0.6474010861132661,ohc,four,0.26037735849056604,mpfi,0.7714285714285716,0.5142857142857143,0.03125,0.5327102803738317,0.3877551020408163,17,22,18950,0.6797385620915033,0.6124401913875598,Medium,0,1,0,1
196,-1,0.15706806282722513,volvo,four,sedan,rwd,front,0.6559766763848395,0.711940298507463,0.7350427350427355,0.6416666666666669,0.5678820791311094,ohc,four,0.3018867924528302,mpfi,0.8857142857142856,0.5142857142857143,0.15625,0.308411214953271,0.5102040816326531,23,28,16845,0.4082125603864734,0.3909774436090225,Low,0,1,1,0
197,-1,0.15706806282722513,volvo,four,sedan,rwd,front,0.6559766763848395,0.711940298507463,0.7264957264957264,0.6416666666666669,0.6055081458494957,ohc,four,0.3018867924528302,mpfi,0.8857142857142856,0.5142857142857143,0.10624999999999996,0.5233644859813084,0.46938775510204084,19,25,19045,0.5701754385964912,0.4884210526315789,Medium,0,1,0,1
198,-1,0.15706806282722513,volvo,four,sedan,rwd,front,0.6559766763848395,0.711940298507463,0.7350427350427355,0.6416666666666669,0.591155934833204,ohcv,six,0.4226415094339623,mpfi,0.7428571428571429,0.38095238095238104,0.11250000000000004,0.40186915887850466,0.5510204081632653,18,23,21485,0.6219135802469136,0.5675057208237986,Medium,0,1,1,0
199,-1,0.15706806282722513,volvo,four,sedan,rwd,front,0.6559766763848395,0.711940298507463,0.7350427350427355,0.6416666666666669,0.6706749418153607,ohc,six,0.3169811320754717,idi,0.3357142857142856,0.6333333333333333,1.0,0.27102803738317754,0.2653061224489796,26,27,22470,0.3194444444444444,0.42105263157894735,Medium,1,0,0,1
200,-1,0.15706806282722513,volvo,four,sedan,rwd,front,0.6559766763848395,0.711940298507463,0.7350427350427355,0.6416666666666669,0.6105508145849495,ohc,four,0.3018867924528302,mpfi,0.8857142857142856,0.5142857142857143,0.15625,0.308411214953271,0.5102040816326531,19,25,22625,0.5701754385964912,0.4884210526315789,Medium,0,1,0,1
